prompt,response,nll
What is AI?,What is AI?,2.820713282
Tell me something interesting.,"Tell me something interesting.

It's a little bit of a surprise to think that I've just taken the chance to speak to a bunch of people, and then come across this guy, who is a former military intelligence officer, with the same background and experience as the CIA, and then the one who is a retired special operations officer.
And then I get to see that man again, and I see that person again, and I don't see that man again again.
This guy is a good person to know. I saw him come out and say, ""Hey, I'm going to talk to you, I'm going to talk to you, and I'm going to talk to you, and I'm going to talk",1.945697308
How do I learn programming?,"How do I learn programming?


In my last article I explained how to read Programming Languages and how I learned it. This post will cover the basics of programming languages in a few short articles.
In this article I will show how to read programming languages, how to learn them. This post will cover the basics of programming languages in a few short articles.
In this article I will show how to read programming languages, how to learn them. This post will cover the basics of programming languages in a few short articles.
In this article I will show how to read programming languages, how to learn them. This post will cover the basics of programming languages in a few short articles.
In this article I will show how to",0.845603287
Write a short motivational quote.,"Write a short motivational quote.


This article is not necessarily a rush transcript. It may be the first to be published.",3.254292965
Explain why the sky is blue.,Explain why the sky is blue.,1.537950277
"If a car has 4 wheels and two cars are parked together, how many wheels are there in total?","If a car has 4 wheels and two cars are parked together, how many wheels are there in total? How many wheels are there in total? What other things do we want to see in the future if the concept is to be realized?

What are the new features for carmakers?
It depends on what you are thinking about as the product development is done. We have a few ideas that we hope will be explored in the future.
We are very much looking forward to seeing what is possible with the new features. We are very excited about the potential for the development of the new models. We are very excited about the possibilities for the development of the new cars. We are also very excited about the possibilities for the new",1.689747572
Who is the president of the United States?,"Who is the president of the United States? He has a wealth of assets that he doesn't own and his assets that are on the books, which is all about his ability to get rich, which is all about his ability to get rich. This is a good thing, I think. There's a lot of potential in there. There is also potential. There is lots of potential in there.",2.829990625
"I woke up late, missed my bus, and ran 2 km to class. What advice would you give me to avoid this tomorrow?","I woke up late, missed my bus, and ran 2 km to class. What advice would you give me to avoid this tomorrow?

The last thing I want to ask is: What do I want to do tomorrow?
I want to do a better job, I want to get rid of the stigma and fear that I will be killed.
If I had to write a book, I would have to write in a different kind of voice.
As far as I'm concerned, I do not have the time to write my own books. It will be very difficult to write one. It is very difficult to write, and I do not have the time to write anything.
But I can write, and I don't",1.61286962
Explain why some people believe in superstitions.,"Explain why some people believe in superstitions. If it is wrong, then it is wrong. It is not.

We have learned from the past:
If you think that it is wrong, then it is not.
This has led many people to believe that the truth is that superstitions are the result of a cultural bias. It is not because they believe in superstitions, but because they believe in superstitions. If it is wrong, then it is not.
It is not because they believe in superstitions.
Many people believe in superstitions because the superstitions that we have seen in the past have been more or less the same. But we can only be certain that the world is not full of superstitions",1.600520968
My favorite food is pasta. What is my favorite food?,"My favorite food is pasta. What is my favorite food? The best thing about the entire world is that all that you are doing is eating it. The best thing about being a vegetarian is that it doesn't make you happy.

I'm always concerned that people are afraid of eating too much. But I'm not afraid to tell you that I am not at all.
I'm just very happy about how much I like the food, but I don't know if my happiness is actually the same or even that much.
It's a little bit like my family. It's a family. It's a family.
That's a very nice place to live. You have a lot to look forward to.
I hope",2.033945322
Write a short sci-fi story in two sentences.,Write a short sci-fi story in two sentences.,3.015626431
Write Python code that prints numbers 1 to 5.,"Write Python code that prints numbers 1 to 5.

The most common example is in a function which prints a number (and a string) of numbers. It prints the number in a number as an integer.
The default method is to print the number in a string and print the number in a string as an integer.
The main function to print the number is to print the number in a string and print the number in a string as an integer.
When the function prints the number in a string, the function prints the number in a string as an integer.
The function prints the number in a string as an integer. The function prints the number in a string as an integer. The function prints the number in a string as",1.068352103
I failed my exam and feel terrible. What should I do?,"I failed my exam and feel terrible. What should I do? Do I have any interest in making this money?

““““““““““““““““““““““““““““““““““““““““““““““““““““““““““““““",0.441398054
Can you tell me how to do it?,Can you tell me how to do it?,2.159059048
Summarize: The dog barked loudly until its owner returned home.,"Summarize: The dog barked loudly until its owner returned home

The dog barked loudly until its owner returned home.
The dog barked loudly until its owner returned home.
The dog barked loudly until its owner returned home.
The dog barked loudly until its owner returned home.
The dog barked loudly until its owner returned home.
The dog barked loudly until its owner returned home.
The dog barked loudly until its owner returned home.
The dog barked loudly until its owner returned home.
The dog barked loudly until its owner returned home.
The dog barked loudly until its owner returned home.
The dog barked loudly until its owner returned home.",0.248481363
"Which is bigger, the sun or an elephant?","Which is bigger, the sun or an elephant?

›

I don't know what to say, because I'm a bit of a little crazy.
›
How many of those same words mean, or do you think they mean a lot?
›
What if I was a kid?
›
Do they mean a lot?
›
That's the main reason that I'm so stupid about it, right?
›
What if I was a kid?
›
What if I was a kid?
›
Why are you so stupid?
›
What if you're not a kid?
›
What if you're a child?",1.458500981
I love video games.,"I love video games. You just don't have to go watch games like ""You Can't Read"" to see that video games don't exist.",2.681755066
Do you think robots will replace artists?,Do you think robots will replace artists?,2.579559088
Explain how to make coffee in three clear steps.,Explain how to make coffee in three clear steps.,2.658200502
Correct this: He go to school every days.,"Correct this: He go to school every days.

The student he is a student in is in an abusive relationship with his ex-girlfriend.
The student, who is now a student at the University of Nebraska-Milwaukee, was interviewed by the student's school's police department Thursday.
The student's ex-girlfriend told police that she wanted to get a job with her father.
""He was trying to make a promise that they would pay him back,"" the student told police.
""He told me he would never let me go because he felt he was owed money and that he was a liar and he didn't want to do anything about it. He would say to my girlfriend that you could get a job",2.009119272
What are the health benefits of drinking green tea?,What are the health benefits of drinking green tea?,3.292006969
Describe the process of photosynthesis.,"Describe the process of photosynthesis.

In this book, we will show how to develop a method for extracting hydrogen from hydrogen by extracting it from hydrogen.
This technique can be used to produce a hydrogen atom.
Using this method, we will explore how to extract a hydrogen atom from hydrogen by extracting it from hydrogen.
We will show how to extract hydrogen atom by extracting it from hydrogen by extracting it from hydrogen.
In this chapter, we will explore the use of the hydrogen atom by extracting it from hydrogen.
This method can be used to produce a hydrogen atom by extracting it from hydrogen.
In this chapter, we will examine how to extract hydrogen atom by extracting it from hydrogen.
This method can",1.203284621
What is the capital of France?,"What is the capital of France? It is a city of the French people. We are not French. There is no French nationality. And there are no French nationality. We don't speak French, because we don't speak French. This is France.",3.085525274
How does a computer process information?,How does a computer process information?,2.808331013
Why do we experience seasons on Earth?,"Why do we experience seasons on Earth? If there is one thing I would like to see from the Earth, it is that the Earth is the only place on Earth to be visited, and it is the only place on Earth to see the Earth, and it is the only place to get the best of my country. It is my belief that the Earth is the only place to have a happy, happy life, and that it is so beautiful to be there.

We have a lot of things that you see that you are wondering about as well, but I just want to share one of the things that I've always wanted to say about you, and I just want to let you know that I want to be in this conversation with you",1.831988335
What is reinforcement learning in AI?,"What is reinforcement learning in AI?

In the end, we have a good understanding of the mechanisms of reinforcement learning, so let me put it in general, we need to understand the underlying mechanism for reinforcement learning. In general, this is a fundamental part of our problem. What is reinforcement learning?
We don't know at the time exactly what it is. What is the mechanism for reinforcement learning, and what is the mechanism for reinforcement learning?
For example, we don't know what it is, but we know the mechanism for reinforcement learning. We know the mechanism for reinforcement learning.
We know the mechanism for reinforcement learning.
In addition, we know that the mechanism for reinforcement learning has some important role in enhancing the",1.549962759
Tell me a joke about animals.,Tell me a joke about animals.›,2.435830355
How can I improve my time management skills?,"How can I improve my time management skills?

I know that the time management team is very flexible, but I don't think it's enough. If I do the same, I can't improve my time management skills.
Do you have more time management skills?
There are more resources available in the job market.
The most important one is the time management skills. If I do the same, I can't improve my time management skills.
What are your tips for improving your time management skills?
I've been saying that you should check your time management skills before doing any kind of job management skills. When you're done with the job, you should check your time management skills before doing any kind of job management skills",1.53862679
What are the causes of climate change?,What are the causes of climate change?,3.273598194
"Who wrote ""To Kill a Mockingbird""?","Who wrote ""To Kill a Mockingbird""?

I suppose he's right. That's the definition of ""kill"" that he calls it.
He's a madman. He's just not a madman. That's a madman. He's just not a madman. That's a madman. That's a madman.
This is a horrible, horrible and utterly reprehensible way to define the term ""kill"". It's a word that is meant to describe a person who has suffered through the violence or suffering of a person who does not have the courage to resist the assault.
This is a terrible, horrible and utterly reprehensible way to define the term ""kill"". It's a word that is",1.604701519
Write a poem about the ocean.,Write a poem about the ocean. A poem about the beach. A poem about the beach. A poem about the beach.,3.251911879
What is the difference between AI and machine learning?,"What is the difference between AI and machine learning? Does there really be a difference between machine learning and machine learning?

We're looking at the first two steps in the process of exploring AI. If you have a simple understanding of how the system works, you can make a simple case by asking questions from experts. If you have the ability to see what I'm saying, you can understand what I'm saying.
The question you'll be asked is ""why does AI work?"" If you have the ability to see what I'm saying, you can make a simple case by asking questions from experts. If you have the ability to see what I'm saying, you can make a simple case by asking questions from experts. If you have",1.378433704
How do vaccines work?,How do vaccines work?,3.044553995
What advice would you give to someone feeling stressed?,What advice would you give to someone feeling stressed?,2.722808123
Explain the significance of the moon landing.,"Explain the significance of the moon landing. The moon is a long-range, low-mass celestial object that can be used to fly anywhere on the planet. The moon is known for its large surface area and wide-angle surface. As is the case with the Moon, the moon has a large, oval-shaped disk with a diameter of approximately 5.6 feet, similar to the moon's diameter.
",2.674515724
List three ways to conserve water.,"List three ways to conserve water. This, in part, explains why the federal government can afford to conserve water, and the reason it can not afford to provide it.",3.528280497
What is blockchain technology?,"What is blockchain technology? This week, we are talking about the technology that will be part of the future of digital currency.",3.571920156
How do solar panels generate electricity?,"How do solar panels generate electricity? Does a solar panel generate electricity when it's not used for its purpose? Or does it generate electricity when it's not used for its purpose?

In the process of building the solar panel, the process of building the panels to do solar panels is repeated in a series of periodic series of continuous steps. The panels are laid out in the middle of the solar panel and then moved back to the solar panel. In the next series, each successive step brings the number of times the panels are used for their purpose.
The panels are placed in the middle of the solar panel and then moved back to the solar panel. In the next series, each successive step brings the number of times the panels",1.576595306
Write a short story about friendship.,"Write a short story about friendship.

The article about the relationship between the book and the book is here.
The author of the book, David J. Dennett (and the author of ""The Secret Life of a Mind in a Self-Hiding Book"") was born in New Jersey in 1948. He is best known for his book ""The Secret Life of a Mind in a Self-Hiding Book"". His book, ""The Secret Life of a Mind in a Self-Hiding Book"", is also available on Amazon, Barnes and Noble.",1.596397161
What are common symptoms of the flu?,What are common symptoms of the flu?,3.148328066
Describe how to make a paper airplane.,"Describe how to make a paper airplane. This can be done in a small print form.

To start the paper airplane, create a page and select the paper plane's height. You should see the shape of the top of the page.

Next, you can start the paper airplane by going to the bottom of the page, and clicking on the icon in the right hand corner.
The final step is to add a small white background. The background has been added to the background in the page.
The final step is to add the top of the page.
Here is the code of the project:
// create a page with an image type: size: size: image.jpg; size",2.094125509
What is the fastest land animal?,"What is the fastest land animal? What's the fastest place to eat and what is the biggest thing you'll ever eat when you're on the beach?""
",3.018309832
How do electric cars work?,"How do electric cars work? How would you react if you did not want to be the only car on the market? How would you react if you did not want to be the only car on the market? How would you react if you did not want to be the only car on the market? How would you react if you did not want to be the only car on the market?
",1.723338246
What is the role of a referee in sports?,What is the role of a referee in sports?,3.414553165
Explain the meaning of “photosynthesis” in simple words.,Explain the meaning of “photosynthesis” in simple words.,0.923540652
What is a black hole?,"What is a black hole? I don't know. I don't know. I'm in the process of putting together a computer that's not going to be on my computers because I don't know what the heck I'm doing. I don't know. I don't know. I'm in a world where all the people who run this business don't have to be able to use computers. I don't know. It's like, 'What's wrong with this?' It's just like, 'Why are we doing this?'


And this isn't the first time someone has made a mistake.


The last time someone made a mistake was when he asked to be interviewed by the BBC's M",1.927876472
How does the internet work?,"How does the internet work? The answer is: no.

The best ways to start a free day (and a day for free) is to have a simple and easy way to create a free day.
No one wants to miss the idea that this is a free day. It's just an exercise in futility, an exercise in a selfless hope of fulfilling some goal.
And while I think I could go wrong on this point, there's a bit of a catch up here.
I can't say that there are no free days to go, but for some people, it really is. You can't find the time to do that at all.
The best way to start a free day is to",2.194127083
Write a recipe for chocolate chip cookies.,"Write a recipe for chocolate chip cookies.
The recipe has been updated for a few changes:
1 cup cocoa powder (1/2 cup)
3 cups almond milk (1/2 cup)
1 teaspoon cinnamon (3/4 cup)
3 cups peanut butter (2/4 cup)
1 cup honey (2/4 cup)
1 cup chocolate chips (2/4 cup)
1 cup peanut butter (2/4 cup)
1 cup sugar
1 teaspoon salt
1 cup cocoa powder
1 cup peanut butter (2/4 cup)
1 cup peanut butter (2/4 cup)
1 cup chocolate chips (2/4 cup)
1 cup cocoa powder
1 cup sugar
",1.045173287
What are the benefits of regular exercise?,What are the benefits of regular exercise?,3.276778936
Tell me a fun fact about space.,"Tell me a fun fact about space.›
Advertisements",2.720803022
